{"cameraMode":{"drawMode":0,"name":"Shaded","section":"Shading Mode"},"sceneLighting":true,"audioPlay":false,"sceneViewState":{"m_AlwaysRefresh":false,"showFog":true,"showSkybox":true,"showFlares":true,"showImageEffects":true,"showParticleSystems":true,"showVisualEffectGraphs":true,"m_FxEnabled":true},"in2DMode":false,"pivot":{"x":62.725059509277347,"y":47.45428466796875,"z":-6.104159355163574},"rotation":{"x":0.39452433586120608,"y":-0.17101465165615083,"z":0.07209416478872299,"w":0.9010831117630005},"size":11.925186157226563,"orthographic":false}